name_he,name_en,aliases,website_domain,category,parent_name_he
אאוטבריין,Outbrain,Outbrain,outbrain.com,hitech,
אביב מערכות,Aviv Systems,"Aviv Group|אביב ניהול",avivsystems.co.il,hitech,
אגד,Egged,Egged,egged.co.il,other,
אובר ישראל,Uber Israel,"Uber|אובר",uber.com,hitech,
אודיוקודס,AudioCodes,AudioCodes,audiocodes.com,hitech,
אוניברסיטת בן-גוריון,Ben-Gurion University,"BGU|בן גוריון",bgu.ac.il,education,
אוניברסיטת בר-אילן,Bar-Ilan University,"BIU|בר אילן",biu.ac.il,education,
אוניברסיטת חיפה,University of Haifa,Haifa University,haifa.ac.il,education,
אוניברסיטת תל אביב,Tel Aviv University,"TAU|תל אביב",tau.ac.il,education,
אופטימוב,Optimove,Optimove,optimove.com,hitech,
אורבוטק,Orbotech,"Orbotech|KLA Orbotech",orbotech.com,hitech,
אוריבי (ביזאבו),Oribi (Bizzabo),"Oribi|Bizzabo|אוריבי|ביזאבו",bizzabo.com,hitech,
אורקה סקיוריטי,Orca Security,"Orca Security|Orca",orca.security,hitech,
אורקל ישראל,Oracle Israel,"Oracle|אורקל",oracle.com,hitech,
אושר עד,Osher Ad,Osher Ad,osherad.co.il,other,
אחוות תורה,Achvat Torah,Achvat Torah,achvattorah.org,education,
אי סי איי טלקום,ECI Telecom,"ECI|Ribbon",ecitele.com,hitech,
איזיציפ,EZchip,"EZchip|Mellanox EZchip",,hitech,
איחוד הצלה,United Hatzalah,United Hatzalah,1221.org.il,health,
איטמר מדיקל,Itamar Medical,"Itamar Medical|ZOLL Itamar",itamar-medical.com,health,
איי בי מיוזיק,IB Music,IB Music,,other,
אייר בי אנד בי ישראל,Airbnb Israel,"Airbnb|איירבנב",airbnb.com,hitech,
איירונסורס,ironSource,"ironSource|Unity ironSource",is.com,hitech,
אילקס מדיקל,Ilex Medical,Ilex Medical,ilexmedical.com,health,
אינטל ישראל,Intel Israel,"Intel|אינטל",intel.com,hitech,
אינטרסלייס,Interslice,,,hitech,
אינסייטק,Insightec,Insightec,insightec.com,health,
אל על נתיבי אוויר לישראל,El Al,"אל על|El Al Airlines",elal.com,other,
אלביט מערכות,Elbit Systems,"Elbit|אלביט",elbitsystems.com,hitech,
אלדין שירותי תוכנה,Aladdin Knowledge Systems,"Aladdin|SafeNet",,hitech,
אלוט תקשורת,Allot Communications,"Allot|אלוט",allot.com,hitech,
אלעד מערכות,Elad Systems,"Elad Software|אלעד תוכנה",elad.co.il,hitech,
אלקטרה אפיקים,Electra Afikim,"אפיקים תחבורה|Afikim",afikim-t.co.il,other,אלקטרה בעמ
אלקטרה בעמ,Electra Ltd,"קבוצת אלקטרה|Electra",electra.co.il,other,
אמדוקס,Amdocs,Amdocs,amdocs.com,hitech,
אמזון ישראל,Amazon Israel,"Amazon|AWS Israel|אמזון|AWS",amazon.jobs,hitech,
אמן מחשבים,Aman Group,"קבוצת אמן|Aman Computers",aman.co.il,hitech,
אנבידיה ישראל,NVIDIA Israel,"Nvidia|אנבידיה",nvidia.com,hitech,
אסם נסטלה,Osem Nestle,"אסם|Osem|Nestle",osem-nestle.co.il,other,
אפל ישראל,Apple Israel,"Apple|אפל",apple.com,hitech,
אפלייד מטיריאלס,Applied Materials,"Applied Materials Israel|אפלייד",appliedmaterials.com,hitech,
אפספלייר,AppsFlyer,AppsFlyer,appsflyer.com,hitech,
אפקה המכללה להנדסה,Afeka College of Engineering,"אפקה|Afeka",afeka.ac.il,education,
אקווה סקיוריטי,Aqua Security,"Aqua Security|Aqua",aquasec.com,hitech,
אקסוניוס,Axonius,Axonius,axonius.com,hitech,
אקסטרה הופ,ExtraHop,ExtraHop,extrahop.com,hitech,
אקרו נדלן,Acro Real Estate,Acro,acro.co.il,other,
ארגון לתת,Latet Organization,"לתת|Latet",latet.org.il,other,
ארליסנס,EarlySense,EarlySense,earlysense.com,health,
ארקיע,Arkia,Arkia Israeli Airlines,arkia.co.il,other,
בזק,Bezeq,Bezeq,bezeq.co.il,other,
בזק בינלאומי,Bezeq International,Bezeq International,bezeqint.net,hitech,בזק
ביג מרכזי קניות,BIG Shopping Centers,BIG,bigcenters.co.il,other,
ביגפנדה,BigPanda,BigPanda,bigpanda.io,hitech,
ביו-סנס וובסטר,Biosense Webster,"Biosense Webster|Johnson & Johnson Biosense",jnjmedtech.com,health,
ביוורד,BeAware,,,other,
בינת תקשורת,Bynet Data Communications,"קבוצת רד-בינת|Bynet|בינת",bynet.co.il,hitech,
בנק דיסקונט,Discount Bank,"דיסקונט|Discount",discountbank.co.il,banking,
בנק הפועלים,Bank Hapoalim,"הפועלים|Hapoalim",bankhapoalim.co.il,banking,
בנק לאומי,Bank Leumi,"לאומי|Leumi",leumi.co.il,banking,
בנק מזרחי טפחות,Mizrahi Tefahot Bank,"מזרחי טפחות|Mizrahi Tefahot",mizrahi-tefahot.co.il,banking,
גוגל ישראל,Google Israel,"Google|גוגל",google.com,hitech,
גוינט ישראל,JDC Israel,"JDC|ג'וינט",jdc.org.il,other,
גונג,Gong.io,Gong,gong.io,hitech,
גזית גלוב,Gazit Globe,G City,g-city.com,other,
גיוון אימגינג,Given Imaging,"Given Imaging|Medtronic Given",medtronic.com,health,מדיטרוניק ישראל
גייפרוג,JFrog,JFrog,jfrog.com,hitech,
גילת רשתות לוויין,Gilat Satellite Networks,"Gilat|גילת",gilat.com,hitech,
גנרל אלקטריק ישראל,General Electric Israel,"GE|ג'נרל אלקטריק|GE Healthcare",ge.com,hitech,
דאטהריילס,Datarails,DataRails,datarails.com,hitech,
דואר ישראל,Israel Post,"דואר|Israel Post",israelpost.co.il,government,
די אס פי גרופ,DSP Group,"DSP Group|Synaptics DSP",synaptics.com,hitech,
דינמיק יילד,Dynamic Yield,"Dynamic Yield|Mastercard Dynamic Yield",dynamicyield.com,hitech,
דל ישראל,Dell Israel,"Dell Technologies|Dell|דל",dell.com,hitech,
דן חברת תחבורה,Dan Bus Company,"דן|Dan",dan.co.il,other,
דנאל,Danel Group,"קבוצת דנאל|Danel",danel.co.il,other,
דניה סיבוס,Danya Cebus,Danya Cebus,danya-cebus.co.il,other,
האוניברסיטה העברית,Hebrew University of Jerusalem,"HUJI|העברית",huji.ac.il,education,
האוניברסיטה הפתוחה,Open University of Israel,"Open University|הפתוחה",openu.ac.il,education,
הבנק הבינלאומי,First International Bank of Israel,"FIBI|הבינלאומי",fibi.co.il,banking,
הוט,HOT Telecommunication,"HOT|הוט טלקום",hot.net.il,other,
החברה המרכזית למשקאות (קוקה קולה),Central Bottling Company (Coca-Cola Israel),"CBC Group|קוקה קולה ישראל|Coca-Cola",cocacola.co.il,other,
הטכניון,Technion,Technion - Israel Institute of Technology,technion.ac.il,education,
הייבוב (Hibob),HiBob,"HiBob|Bob|הייבוב",hibob.com,hitech,
היפו ביטוח,Hippo Insurance,Hippo,hippo.com,hitech,
היפראקטיב,Hyperactive,,,other,
המוסד לביטוח לאומי,National Insurance Institute,ביטוח לאומי,btl.gov.il,government,
המרכז האקדמי לב (מכון לב),Jerusalem College of Technology (JCT),"JCT|מכון לב|מכון נווה|מכון תל תבונה",jct.ac.il,education,
המרכז הרפואי איכילוב,Tel Aviv Sourasky Medical Center (Ichilov),"איכילוב|Ichilov",tasmc.org.il,health,
המרכז הרפואי הדסה,Hadassah Medical Center,"הדסה|Hadassah",hadassah.org.il,health,
המרכז הרפואי שיבא תל השומר,Sheba Medical Center,"שיבא|תל השומר|Sheba",sheba.co.il,health,
הפניקס,The Phoenix,"Phoenix Insurance|הפניקס חברה לביטוח",fnx.co.il,banking,
הראל ביטוח,Harel Insurance & Finance,"הראל|Harel",harel-group.co.il,banking,
התעשייה האווירית,Israel Aerospace Industries,"IAI|תעשייה אווירית",iai.co.il,hitech,
וואן טכנולוגיות,ONE Technologies,"ONE Software|וואן",one1.co.il,hitech,
וויז (Wiz),Wiz,"Wiz.io|וויז",wiz.io,hitech,
וויקס,Wix.com,"Wix|וויקס",wix.com,hitech,
ווסטרן דיגיטל,Western Digital Israel,"Western Digital|SanDisk|סאנדיסק",westerndigital.com,hitech,
ווקמי,WalkMe,"WalkMe|SAP WalkMe",walkme.com,hitech,
ויזה כאל,ICC Cal,"כאל|Cal|כרטיסי אשראי לישראל",cal-online.co.il,banking,
ורביט (Verbit),Verbit,"Verbit.ai|ורביט",verbit.ai,hitech,
ורוניס,Varonis,"Varonis Systems|ורוניס מערכות",varonis.com,hitech,
חברת החשמל לישראל,Israel Electric Corporation,"חברת החשמל|חח""י|IEC",iec.co.il,government,
טאבולה,Taboola,Taboola,taboola.com,hitech,
טאואר סמיקונדקטור,Tower Semiconductor,"TowerJazz|טאואר ג'אז",towersemi.com,hitech,
טבע תעשיות פרמצבטיות,Teva Pharmaceuticals,"טבע|Teva",teva.co.il,health,
טיפאניק,Tipanic,,,other,
טיפטילטי (Tipalti),Tipalti,"Tipalti|טיפלתי",tipalti.com,hitech,
טלדור,Taldor,"טלדור מערכות|One Taldor",one1.co.il,hitech,וואן טכנולוגיות
טריפל סי,Triple C,"Triple C Cloud|טריפל סי מחשוב בענן",triplec.co.il,hitech,
טרנזמיט סקיוריטי,Transmit Security,Transmit Security,transmitsecurity.com,hitech,
יבמ ישראל,IBM Israel,"IBM|יבמ",ibm.com,hitech,
יד שרה,Yad Sarah,ארגון יד שרה,yadsarah.org.il,health,
יוחננוף,Yohananof,רשת יוחננוף,yochananof.co.il,other,
יוטפו,Yotpo,Yotpo,yotpo.com,hitech,
יוניליוור ישראל,Unilever Israel,"Unilever|יוניליוור",unilever.co.il,other,
יס (yes),yes DBS,"yes|חברת יס|די בי אס",yes.co.il,other,בזק
יש חסד,Yesh Chesed,"יש בשכונה|רשת יש",shufersal.co.il,other,שופרסל
ישראייר,Israir Airlines,Israir,israir.co.il,other,
ישראכרט,Isracard,קבוצת ישראכרט,isracard.co.il,banking,
כלל ביטוח,Clal Insurance,"כלל ביטוח ופיננסים|Clal",clalbit.co.il,banking,
כללית שירותי בריאות,Clalit Health Services,"כללית|קופת חולים כללית",clalit.co.il,health,
לאומית שירותי בריאות,Leumit Health Services,"לאומית|קופת חולים לאומית",leumit.co.il,health,
לוגז.איי או,Logz.io,"Logz.io|לוגז",logz.io,hitech,
לומניס,Lumenis,Lumenis,lumenis.com,health,
למונייד,Lemonade,Lemonade Insurance,lemonade.com,hitech,
מאנדיי,monday.com,"Monday|מאנדיי.קום",monday.com,hitech,
מגדל ביטוח,Migdal Insurance,"מגדל|Migdal",migdal.co.il,banking,
מגן דוד אדום,Magen David Adom,"מד""א|MDA",mdais.org,health,
מדיטרוניק ישראל,Medtronic Israel,"Medtronic|מדיטרוניק",medtronic.com,health,
מוביט,Moovit,"Moovit|Moovit Intel",moovitapp.com,hitech,
מובילאיי,Mobileye,"Mobileye|Mobileye Intel",mobileye.com,hitech,
מטא ישראל,Meta Israel,"Meta|Facebook Israel|פייסבוק",meta.com,hitech,
מטריקס,Matrix IT,"Matrix|מטריקס אי טי",matrix.co.il,hitech,
מטריקס אינטגרה,Matrix Integra,"אינטגרה|Matrix IFS",matrix.co.il,hitech,מטריקס
מיקרוסופט ישראל,Microsoft Israel,"Microsoft|מיקרוסופט",microsoft.com,hitech,
מיקרופוקוס ישראל,Micro Focus Israel,"Micro Focus|OpenText",opentext.com,hitech,
מכבי שירותי בריאות,Maccabi Healthcare Services,"מכבי|קופת חולים מכבי",maccabi4u.co.il,health,
מכון ויצמן למדע,Weizmann Institute of Science,"מכון ויצמן|Weizmann",weizmann.ac.il,education,
מכללת הדסה,Hadassah Academic College,"HAC|המכללה האקדמית הדסה",hac.ac.il,education,
מכללת מבחר,Mivchar College,"מבחר|מכללת מבח""ר",mivchar.org.il,education,
מלאנוקס (אנבידיה),Mellanox Technologies,"Mellanox|מלאנוקס|NVIDIA Networking",nvidia.com,hitech,אנבידיה ישראל
מליו (Melio),Melio,"Melio Payments|מליו",meliopayments.com,hitech,
מליסרון,Melisron,"קניוני עופר|Melisron",melisron.co.il,other,
מלם תים,Malam Team,"מלם|תים|MalamTeam",malamteam.com,hitech,
מנורה מבטחים,Menora Mivtachim,"מנורה|Menora",menoramivt.co.il,banking,
מנפאואר ישראל,Manpower Israel,"Manpower|מנפאואר",manpower.co.il,other,
מערך הדיגיטל הלאומי,National Digital Directorate,"ממשל זמין|Gov.il",gov.il,government,
מפתח (מרכזי הכוון תעסוקתי),Mafteach Career Centers,"מפתח|הכוון תעסוקתי לחרדים",mafteach.org.il,education,
מקורות,Mekorot,חברת מקורות,mekorot.co.il,government,
מקס איט פיננסים,Max IT Finance,"Max|לאומי קארד|מקס",max.co.il,banking,
משרד האוצר,Ministry of Finance,"אגף החשב הכללי|רשות המסים",gov.il,government,
משרד הבריאות,Ministry of Health,"משה""ב",gov.il,government,
משרד החינוך,Ministry of Education,"משה""ח",gov.il,government,
משרד הכלכלה,Ministry of Economy and Industry,משרד הכלכלה והתעשייה,gov.il,government,
משרד המשפטים,Ministry of Justice,"רשות התאגידים|הטאבו",gov.il,government,
נו ניים סקיוריטי,Noname Security,"Noname Security|Akamai Noname",nonamesecurity.com,hitech,
נובה מכשירי מדידה,Nova Measuring Instruments,"Nova|נובה",novami.com,hitech,
נמלי ישראל,Israel Ports Company,"חברת נמלי ישראל|חנ""י",israports.co.il,government,
נס טכנולוגיות,Ness Technologies,"Ness|נס",ness.com,hitech,
נקסט אינשורנס,Next Insurance,Next Insurance,nextinsurance.com,hitech,
סאפ ישראל,SAP Israel,"SAP|סאפ",sap.com,hitech,
סולאראדג,SolarEdge Technologies,"SolarEdge|סולאראדג'",solaredge.com,hitech,
סופרבוס,Superbus,Superbus,superbus.co.il,other,
סטרטאפ ניישן סנטרל,Start-Up Nation Central,"SNC|סטארט-אפ ניישן",startupnationcentral.org,other,
סיוה (CEVA),CEVA DSP,"CEVA|סיוה",ceva-dsp.com,hitech,
סייברארק,CyberArk,CyberArk,cyberark.com,hitech,
סיילספורס ישראל,Salesforce Israel,"Salesforce|סיילספורס",salesforce.com,hitech,
סימילרווב,Similarweb,Similarweb,similarweb.com,hitech,
סימנס ישראל,Siemens Israel,"Siemens|סימנס",siemens.com,hitech,
סינמדיה,Synamedia,"Synamedia|NDS",synamedia.com,hitech,
סיסקו ישראל,Cisco Israel,"Cisco|סיסקו",cisco.com,hitech,
סלקום,Cellcom Israel,"Cellcom|סלקום ישראל",cellcom.co.il,other,
סלקום עסקים,Cellcom Business,סלקום פתרונות תקשורת,cellcom.co.il,other,סלקום
סנו,Sano,סנו מפעלי ברונוס,sano.co.il,other,
סנטינל וואן,SentinelOne,"SentinelOne|סנטינלוואן",sentinelone.com,hitech,
סניק (Snyk),Snyk,"Snyk|סניק",snyk.io,hitech,
ספוט אוטומציה,Spot by NetApp,"Spotinst|Spot",spot.io,hitech,
סרגון נטוורקס,Ceragon Networks,Ceragon,ceragon.com,hitech,
עזר מציון,Ezer Mizion,עזר מציון,ami.org.il,health,
עזריאלי מכללה להנדסה,Azrieli College of Engineering Jerusalem,מכללת עזריאלי,jce.ac.il,education,
עיריית אשדוד,Ashdod Municipality,עיריית אשדוד,ashdod.muni.il,government,
עיריית בני ברק,Bnei Brak Municipality,עיריית בני ברק,bnei-brak.muni.il,government,
עיריית חיפה,Haifa Municipality,עיריית חיפה,haifa.muni.il,government,
עיריית ירושלים,Jerusalem Municipality,עיריית ירושלים,jerusalem.muni.il,government,
עיריית פתח תקווה,Petah Tikva Municipality,"עיריית פ""ת",petah-tikva.muni.il,government,
עיריית תל אביב-יפו,Tel Aviv-Yafo Municipality,"עיריית ת""א",tel-aviv.gov.il,government,
עמותת תכלית,Tachlit NGO,תכלית,tachlit.org.il,other,
עשת לפידות,Eshet Lapidot,"Eshet Tours|עשת טורס",eshet.com,other,
פאלו אלטו נטוורקס,Palo Alto Networks,Palo Alto Networks Israel,paloaltonetworks.com,hitech,
פאפאיה גלובל,Papaya Global,"Papaya Global|פאפאיה",papayaglobal.com,hitech,
פורטר,Forter,Forter Fraud Prevention,forter.com,hitech,
פיבר,Fyber,"Fyber|Digital Turbine Fyber",digitalturbine.com,hitech,
פיוניר,Payoneer,"Payoneer|פיוניר ישראל",payoneer.com,hitech,
פיוניר פיתוח,Payoneer R&D,Payoneer Development,payoneer.com,hitech,פיוניר
פייבר,Fiverr,"Fiverr|פייבר",fiverr.com,hitech,
פיליפס ישראל,Philips Israel,"Philips|פיליפס מדיקל",philips.co.il,health,
פלאפון,Pelephone Communications,"Pelephone|פלאפון תקשורת",pelephone.co.il,other,בזק
פלייבאז,Playbuzz (Ex.co),"Playbuzz|Ex.co",ex.co,hitech,
פלייטיקה,Playtika,Playtika,playtika.com,hitech,
פעמונים,Paamonim,ארגון פעמונים,paamonim.org,other,
פרטנר תקשורת,Partner Communications,"Partner|פרטנר|אורנג'",partner.co.il,other,
פריון נטוורק,Perion Network,Perion,perion.com,hitech,
פריסמה פוטו,Prisma Photo,,,other,
צק פוינט,Check Point Software Technologies,"Check Point|צ'ק פוינט",checkpoint.com,hitech,
צקמרקס,Checkmarx,"Checkmarx|צ'קמרקס",checkmarx.com,hitech,
קבוצת אשטרום,Ashtrom Group,"אשטרום|Ashtrom",ashtrom.co.il,other,
קבוצת עזריאלי,Azrieli Group,"עזריאלי|Azrieli",azrieligroup.com,other,
קבוצת שפיר הנדסה,Shapir Engineering,"שפיר הנדסה|Shapir",shapir.co.il,other,
קווים תחבורה ציבורית,Kavim Public Transportation,קווים,kavim-t.co.il,other,
קומפיוטר אסושיאייטס,CA Technologies (Broadcom),"CA Technologies|קומפיוטר אסושיאייטס ישראל",broadcom.com,hitech,
קונטרולאפ,ControlUp,ControlUp,controlup.com,hitech,
קופת חולים מאוחדת,Meuhedet Health Services,"מאוחדת|קופ""ח מאוחדת",meuhedet.co.il,health,
קורלוגיקס,Coralogix,Coralogix,coralogix.com,hitech,
קייטוס,Kaitos,,,other,
קלארוויי,Claroty,"Claroty|קלארוטי",claroty.com,hitech,
קלרנה ישראל,Klarna Israel,Klarna,klarna.com,hitech,
קמטק,Camtek,"Camtek Ltd|קמטק בע""מ",camtek.com,hitech,
קמינריו,Kaminario (Silk),"Kaminario|Silk Cloud",silk.us,hitech,
קרן קמח,Kemach Foundation,"קמח|קידום מקצועי חרדי",kemach.org,education,
ראפיד,Rapyd,"Rapyd Financial|ראפיד פייננשל",rapyd.net,hitech,
רב קו אונליין,Rav-Kav Online,"רב-קו אונליין|Pango Rav Kav",ravkavonline.co.il,other,
רד תקשורת,RAD Data Communications,"RAD|רד|קבוצת רד",rad.com,hitech,
רדוור,Radware,Radware,radware.com,hitech,
רילוקו,Reloco,,,other,
ריסקיפייד,Riskified,Riskified,riskified.com,hitech,
רכבת ישראל,Israel Railways,רכבת,rail.co.il,government,
רמי לוי שיווק השקמה,Rami Levy Shivuk Hashikma,"רמי לוי|Rami Levy",rami-levy.co.il,other,
רפאל,Rafael Advanced Defense Systems,"רפאל מערכות לחימה|Rafael",rafael.co.il,hitech,
רשות המסים בישראל,Israel Tax Authority,"רשות המסים|מס הכנסה",gov.il,government,
רשות שדות התעופה,Israel Airports Authority,"רש""ת|IAA",iaa.gov.il,government,
שופרסל,Shufersal,"שופרסל שלי|שופרסל דיל|Shufersal Group",shufersal.co.il,other,
שטראוס גרופ,Strauss Group,"שטראוס|Strauss|עלית",strauss-group.com,other,
שיכון ובינוי,Shikun & Binui,שיכון ובינוי סולל בונה,shikunbinui.com,other,
תים מחשבים,Team Computers,"תים|מלם תים מחשבים",malamteam.com,hitech,מלם תים
תנובה,Tnuva,קבוצת תנובה,tnuva.co.il,other,
